Date,Open Price,High Price,Low Price,Close Price,WAP,No.of Shares,No. of Trades,Total Turnover (Rs.),Deliverable Quantity,% Deli. Qty to Traded Qty,Spread High-Low,Spread Close-Open
14-May-2019,340.40,352.25,338.85,350.45,347.261040007437478694,64538,1057,22411533.00,14020,21.72,13.40,10.05
13-May-2019,347.00,355.05,332.85,338.85,348.716757937705719172,69573,995,24261271.00,10200,14.66,22.20,-8.15
10-May-2019,347.90,349.85,343.70,346.20,346.067770998460398015,35074,565,12137981.00,2658,7.58,6.15,-1.70
9-May-2019,342.20,352.00,341.40,346.05,347.539954643251729952,85985,1164,29883223.00,9019,10.49,10.60,3.85
8-May-2019,344.80,345.70,338.30,340.70,341.573427926475330538,15505,327,5296096.00,2407,15.52,7.40,-4.10
7-May-2019,339.00,346.20,336.65,344.95,343.350147058823529411,47600,1049,16343467.00,7915,16.63,9.55,5.95
6-May-2019,335.00,343.00,335.00,339.40,339.918964582203495890,47942,859,16296395.00,9134,19.05,8.00,4.40
3-May-2019,341.80,342.80,333.35,335.45,337.335536373685819789,42517,1126,14342495.00,10999,25.87,9.45,-6.35
2-May-2019,348.00,351.75,341.50,343.80,346.591536888469403806,31785,923,11016412.00,5786,18.20,10.25,-4.20
30-April-2019,350.50,354.30,343.60,348.40,349.290730570810450990,54081,1267,18889992.00,8538,15.79,10.70,-2.10
26-April-2019,343.75,353.55,341.30,352.15,349.462988813086133338,152589,2785,53324208.00,24807,16.26,12.25,8.40
25-April-2019,340.00,344.40,331.40,342.25,340.006960211837507363,174851,2686,59450557.00,21875,12.51,13.00,2.25
24-April-2019,348.00,349.55,326.90,332.85,336.663294951756490218,300144,4921,101047468.00,22070,7.35,22.65,-15.15
23-April-2019,337.00,348.00,332.40,344.50,342.463530339737449997,88745,1522,30391926.00,10176,11.47,15.60,7.50
22-April-2019,337.30,342.85,336.90,339.30,340.178644067796610169,35400,1052,12042324.00,8722,24.64,5.95,2.00
18-April-2019,346.55,346.60,334.25,337.20,338.392744740765280768,42259,1842,14300139.00,13920,32.94,12.35,-9.35
16-April-2019,349.70,350.65,343.55,344.55,345.882171309415601775,74812,2498,25876137.00,33730,45.09,7.10,-5.15
15-April-2019,339.00,350.25,337.95,349.35,346.029849497161508097,71693,1687,24807918.00,21244,29.63,12.30,10.35
12-April-2019,342.90,343.70,337.00,337.90,339.558419369798149910,40971,1742,13912048.00,11405,27.84,6.70,-5.00
11-April-2019,347.55,350.80,341.00,342.20,343.990956716976425096,48102,1553,16546653.00,7261,15.10,9.80,-5.35
10-April-2019,352.65,352.90,345.55,347.30,348.593406148867313915,49440,2246,17234458.00,14006,28.33,7.35,-5.35
9-April-2019,352.80,356.60,349.40,351.60,352.988627090983272133,58824,1706,20764203.00,14625,24.86,7.20,-1.20
8-April-2019,364.50,365.45,347.45,351.20,355.076245153724302705,114263,4806,40572077.00,30475,26.67,18.00,-13.30
5-April-2019,361.65,362.85,357.50,359.20,359.854974880175550037,86585,2404,31158043.00,19053,22.00,5.35,-2.45
4-April-2019,364.80,365.00,354.70,362.45,360.171462016082516201,117892,3031,42461334.00,22235,18.86,10.30,-2.35
3-April-2019,359.00,365.00,352.05,360.25,360.174494895789025946,188080,4179,67741619.00,41785,22.22,12.95,1.25
2-April-2019,366.00,373.00,357.60,359.00,366.195103718931040926,556504,10241,203789040.00,125707,22.59,15.40,-7.00
1-April-2019,346.55,362.00,346.50,358.75,352.845534909909909909,177600,2085,62665367.00,36671,20.65,15.50,12.20
29-March-2019,337.10,346.65,337.10,344.55,343.723188912359618862,65803,1068,22618017.00,17198,26.14,9.55,7.45
28-March-2019,335.50,339.50,335.50,337.05,337.219611430013246704,63412,1455,21383770.00,12234,19.29,4.00,1.55
27-March-2019,329.55,337.20,329.50,335.90,333.934099063714146196,47101,746,15728630.00,12013,25.50,7.70,6.35
26-March-2019,333.25,333.25,325.05,328.15,327.666124397870362545,47332,1818,15509093.00,9315,19.68,8.20,-5.10
25-March-2019,336.90,336.90,327.65,329.60,331.669518752747810206,29569,687,9807136.00,6988,23.63,9.25,-7.30
22-March-2019,341.50,341.85,336.20,338.00,338.495366776634969920,41224,1355,13954133.00,11135,27.01,5.65,-3.50
20-March-2019,344.00,344.25,339.30,341.60,341.912155054721246167,44681,605,15276977.00,9303,20.82,4.95,-2.40
19-March-2019,338.50,342.00,334.00,339.85,337.594420328023684545,55057,1438,18586936.00,9466,17.19,8.00,1.35
18-March-2019,343.30,346.45,337.05,338.45,340.371521706919543636,67490,979,22971674.00,12826,19.00,9.40,-4.85
15-March-2019,336.70,345.60,336.35,341.30,341.038606870890581125,86539,1271,29513140.00,15279,17.66,9.25,4.60
14-March-2019,340.10,342.00,333.10,336.85,336.668464571601893734,75829,1349,25529233.00,7508,9.90,8.90,-3.25
13-March-2019,341.70,345.90,336.10,337.25,341.583186833425418989,59727,1068,20401739.00,11076,18.54,9.80,-4.45
12-March-2019,338.60,341.40,335.10,339.55,338.498329270851829730,61949,1612,20969633.00,13218,21.34,6.30,0.95
11-March-2019,347.00,347.90,336.10,337.45,340.885400493195725637,87592,3505,29858834.00,17788,20.31,11.80,-9.55
8-March-2019,351.00,351.00,341.25,345.25,344.533764960390954507,64253,1144,22137328.00,8763,13.64,9.75,-5.75
7-March-2019,363.05,363.05,349.75,350.65,355.531110775504039870,52972,772,18833194.00,4505,8.50,13.30,-12.40
6-March-2019,364.50,365.00,355.00,356.15,359.379469128423103318,45171,962,16233530.00,7488,16.58,10.00,-8.35
5-March-2019,359.90,363.00,355.65,359.00,358.610650289287921059,53407,1293,19152319.00,8391,15.71,7.35,-0.90
1-March-2019,355.00,360.00,354.60,357.85,357.288177641653905053,32650,937,11665459.00,5254,16.09,5.40,2.85
28-February-2019,349.95,357.00,348.05,354.30,352.085170752958830505,41317,1325,14547103.00,3944,9.55,8.95,4.35
27-February-2019,355.45,357.75,344.00,346.90,348.194905084006109535,54996,1809,19149327.00,13492,24.53,13.75,-8.55
26-February-2019,351.00,354.30,342.15,353.35,348.967427404315780126,56305,1596,19648611.00,7376,13.10,12.15,2.35
25-February-2019,357.45,361.10,352.20,353.70,355.073400649625759073,28324,1053,10057099.00,6911,24.40,8.90,-3.75
22-February-2019,353.55,360.30,352.90,357.45,357.412552679108970499,46508,1087,16622543.00,4711,10.13,7.40,3.90
21-February-2019,355.70,357.20,352.00,353.10,354.288073939348947700,53882,580,19089750.00,4188,7.77,5.20,-2.60
20-February-2019,351.50,358.70,351.50,356.35,356.251061741041893420,46857,1137,16692856.00,8164,17.42,7.20,4.85
19-February-2019,352.50,356.10,350.70,353.90,354.002497262615978638,52057,959,18428308.00,4813,9.25,5.40,1.40
18-February-2019,375.00,375.00,350.65,352.95,354.038558216741759544,105425,2867,37324515.00,17715,16.80,24.35,-22.05
15-February-2019,364.90,368.00,358.00,359.25,361.920999783730342632,32367,807,11714297.00,5497,16.98,10.00,-5.65
14-February-2019,370.55,373.75,362.60,367.80,368.262919902936275130,102613,2011,37788563.00,18100,17.64,11.15,-2.75
13-February-2019,360.55,369.45,357.00,367.80,365.458295287625550835,100756,2801,36822116.00,11784,11.70,12.45,7.25
12-February-2019,355.25,362.30,349.40,358.35,356.730646318398226048,45999,1093,16409253.00,6141,13.35,12.90,3.10
11-February-2019,356.75,358.20,350.00,354.25,354.145446549779162922,52301,850,18522161.00,4383,8.38,8.20,-2.50
8-February-2019,352.00,362.00,350.65,356.35,358.474057663569958095,95693,1611,34303458.00,23102,24.14,11.35,4.35
7-February-2019,359.75,365.60,354.25,355.35,359.609450726978998384,47044,647,16917467.00,6511,13.84,11.35,-4.40
6-February-2019,356.40,363.00,353.40,360.75,358.125078369905956112,54230,915,19421123.00,12599,23.23,9.60,4.35
5-February-2019,355.00,362.70,350.00,356.65,356.619321985535398764,91119,1164,32494796.00,7423,8.15,12.70,1.65
4-February-2019,350.00,361.20,348.80,355.15,354.657881838404403725,185661,2136,65846137.00,13162,7.09,12.40,5.15
1-February-2019,339.50,355.75,339.50,349.35,348.820647434537698272,169716,2693,59200445.00,14211,8.37,16.25,9.85
31-January-2019,320.40,347.50,313.40,342.75,336.789787407787037765,470243,7405,158373040.00,37758,8.03,34.10,22.35
30-January-2019,323.00,328.00,317.50,322.25,322.233419455907969650,85537,1171,27562880.00,8391,9.81,10.50,-0.75
29-January-2019,318.40,323.70,316.05,321.85,320.713885653391489678,40351,520,12941126.00,4123,10.22,7.65,3.45
28-January-2019,324.00,324.00,312.35,318.60,318.477757447538452741,69956,930,22279430.00,11852,16.94,11.65,-5.40
25-January-2019,327.30,328.95,322.00,323.70,325.029887020493956910,45672,595,14844765.00,5916,12.95,6.95,-3.60
24-January-2019,333.50,333.50,326.00,326.40,328.702361769715943096,43442,468,14279488.00,5411,12.46,7.50,-7.10
23-January-2019,333.45,336.20,329.35,332.90,332.896904361164965805,46937,680,15625182.00,11529,24.56,6.85,-0.55
22-January-2019,325.85,332.80,322.80,331.25,327.957269348678689479,58389,733,19149097.00,9409,16.11,10.00,5.40
21-January-2019,325.95,334.45,324.05,326.10,329.601887270959697360,94634,1196,31191545.00,12850,13.58,10.40,0.15
18-January-2019,324.00,328.10,322.00,325.05,324.635001661280091823,33107,432,10747691.00,6827,20.62,6.10,1.05
17-January-2019,324.00,327.45,319.20,324.95,323.494587899512641697,74278,980,24028531.00,10577,14.24,8.25,0.95
16-January-2019,318.90,326.30,318.20,322.85,323.067870667055053888,61794,726,19963656.00,7889,12.77,8.10,3.95
15-January-2019,316.00,322.75,314.95,319.70,319.463082725095716764,69737,1171,22278397.00,6690,9.59,7.80,3.70
14-January-2019,325.40,326.30,314.10,316.45,319.335933628530779928,62557,1794,19976698.00,14219,22.73,12.20,-8.95
11-January-2019,320.30,326.35,312.00,324.75,318.036455458659896235,108708,2057,34573107.00,11688,10.75,14.35,4.45
10-January-2019,329.00,330.45,320.00,321.15,325.413364465799276575,74092,2674,24110527.00,22850,30.84,10.45,-7.85
9-January-2019,329.70,333.00,327.70,328.80,329.800893967044883493,37809,965,12469442.00,7782,20.58,5.30,-0.90
8-January-2019,329.80,331.30,327.05,329.70,330.039931367961316487,32055,974,10579430.00,11799,36.81,4.25,-0.10
7-January-2019,332.50,334.50,329.90,331.15,331.910533311181259345,48152,867,15982156.00,7411,15.39,4.60,-1.35
4-January-2019,331.65,333.65,319.30,331.70,326.627051265976826686,135587,2863,44286382.00,23580,17.39,14.35,0.05
3-January-2019,332.80,334.70,326.20,331.10,330.673446327683615819,84075,815,27801370.00,9795,11.65,8.50,-1.70
2-January-2019,332.60,340.65,329.70,331.15,335.995373063296494103,151288,2264,50832068.00,18941,12.52,10.95,-1.45
1-January-2019,332.80,333.30,329.85,332.30,331.623171417854463615,21328,319,7072859.00,3404,15.96,3.45,-0.50
31-December-2018,326.00,334.05,326.00,332.50,332.367426120948685784,34279,490,11393223.00,7060,20.60,8.05,6.50
28-December-2018,327.00,333.50,326.75,330.20,331.026949193218233409,70837,1511,23448956.00,17738,25.04,6.75,3.20
27-December-2018,317.30,326.00,317.15,323.95,322.134814144354611837,81757,1142,26336776.00,13374,16.36,8.85,6.65
26-December-2018,312.70,318.80,307.80,315.70,311.826353332458098113,45702,664,14251088.00,6294,13.77,11.00,3.00
24-December-2018,314.50,319.15,312.00,314.60,315.691431481332582884,37311,563,11778763.00,4413,11.83,7.15,0.10
21-December-2018,323.00,324.80,312.25,314.60,318.681946518427425932,79691,1163,25396083.00,18891,23.71,12.55,-8.40
20-December-2018,328.00,331.70,320.50,322.40,326.802714333002317113,51357,1083,16783607.00,11515,22.42,11.20,-5.60
19-December-2018,337.05,337.65,328.60,330.15,331.649013959672058497,63182,2304,20954248.00,14348,22.71,9.05,-6.90
18-December-2018,334.00,341.00,327.95,335.80,337.218116724552238079,102789,1725,34662313.00,24804,24.13,13.05,1.80
17-December-2018,330.00,332.15,324.45,331.25,328.599961236553929644,51595,618,16954115.00,11017,21.35,7.70,1.25
14-December-2018,331.00,334.50,324.45,328.25,329.154791464475226559,79339,1886,26114812.00,8637,10.89,10.05,-2.75
13-December-2018,331.40,337.60,329.05,330.55,332.989512235724987514,96112,1649,32004288.00,17914,18.64,8.55,-0.85
12-December-2018,332.00,338.35,326.70,329.50,332.665577142657915609,114729,1871,38166389.00,20641,17.99,11.65,-2.50
11-December-2018,316.00,334.00,314.95,331.15,328.837013536660956963,150037,2598,49337719.00,18083,12.05,19.05,15.15
10-December-2018,315.00,321.45,310.00,317.95,316.855293356087800859,101958,1182,32305932.00,15025,14.74,11.45,2.95
7-December-2018,320.20,320.60,310.50,316.30,315.874560843181092302,100192,1796,31648104.00,10245,10.23,10.10,-3.90
6-December-2018,322.05,325.55,317.00,320.10,321.413590811978422785,84719,2629,27229838.00,27121,32.01,8.55,-1.95
5-December-2018,329.80,333.90,320.20,325.15,326.647219111177822166,86609,2167,28290589.00,16736,19.32,13.70,-4.65
4-December-2018,328.40,334.80,324.90,330.95,331.747788135392205697,126477,2624,41958465.00,27444,21.70,9.90,2.55
3-December-2018,325.10,329.80,318.75,327.15,325.384755648677728070,88295,1786,28729847.00,21592,24.45,11.05,2.05
30-November-2018,317.55,328.35,313.85,323.20,322.828727164054988175,153924,3335,49691089.00,30509,19.82,14.50,5.65
29-November-2018,312.80,319.40,308.95,314.25,314.980566299002053191,62829,1375,19789914.00,13676,21.77,10.45,1.45
28-November-2018,308.75,315.20,306.00,310.95,311.554739883748173105,89633,1691,27925586.00,17670,19.71,9.20,2.20
27-November-2018,314.90,316.85,306.10,307.70,309.802866130723523243,74386,1647,23044996.00,12833,17.25,10.75,-7.20
26-November-2018,305.00,312.70,294.80,309.55,302.860128192084647471,147435,2856,44652183.00,14998,10.17,17.90,4.55
22-November-2018,304.00,310.85,303.10,307.60,307.209783264853075769,51353,1258,15776144.00,12450,24.24,7.75,3.60
21-November-2018,309.00,309.00,300.95,304.20,303.474665085259862728,102862,3030,31216011.00,22407,21.78,8.05,-4.80
20-November-2018,312.75,314.45,306.15,308.60,311.457570834045949489,70164,2156,21853109.00,21731,30.97,8.30,-4.15
19-November-2018,310.00,316.00,309.00,312.70,313.176128977159503904,105383,1064,33003440.00,19091,18.12,7.00,2.70
16-November-2018,316.45,316.45,305.05,308.25,308.801910847359873723,131774,1733,40692063.00,29350,22.27,11.40,-8.20
15-November-2018,320.00,321.50,313.35,315.50,316.679692840903670964,62899,872,19918836.00,14264,22.68,8.15,-4.50
14-November-2018,316.95,320.80,310.05,317.05,315.903894155160224501,69309,1097,21894983.00,10325,14.90,10.75,0.10
13-November-2018,317.00,320.50,312.20,315.25,315.136152282509402440,121511,1230,38292509.00,18465,15.20,8.30,-1.75
12-November-2018,320.00,327.00,315.00,316.00,320.620707723477835609,114508,1592,36713636.00,31581,27.58,12.00,-4.00
9-November-2018,319.00,320.95,311.95,319.65,317.372481594813221437,66014,1390,20951027.00,20636,31.26,9.00,0.65
7-November-2018,312.60,315.00,310.85,312.60,312.910992551899001637,18931,282,5923718.00,7331,38.72,4.15,0.00
6-November-2018,315.90,319.30,309.10,312.50,314.259666729786025373,52810,847,16596053.00,14422,27.31,10.20,-3.40
5-November-2018,312.00,320.75,308.50,314.00,314.527122537326618959,135828,2009,42721590.00,26549,19.55,12.25,2.00
2-November-2018,331.90,331.90,309.75,311.95,316.645654290673553194,118105,1803,37397435.00,21876,18.52,22.15,-19.95
1-November-2018,338.90,338.90,313.00,320.10,323.689214686154318368,110771,2809,35855378.00,29894,26.99,25.90,-18.80
31-October-2018,327.95,340.80,324.70,334.55,334.420762917332662847,111362,2155,37241765.00,13939,12.52,16.10,6.60
30-October-2018,315.00,327.85,314.00,325.00,322.189856264821177950,82652,1578,26629636.00,10039,12.15,13.85,10.00
29-October-2018,330.00,330.00,308.10,312.95,312.370650453060262067,118748,1776,37093390.00,10521,8.86,21.90,-17.05
26-October-2018,331.80,333.60,316.25,321.40,322.763696780405326069,85166,1678,27488493.00,11482,13.48,17.35,-10.40
25-October-2018,330.00,337.50,319.65,331.05,330.830173901242705647,257905,4983,85322756.00,12857,4.99,17.85,1.05
24-October-2018,360.00,361.75,343.00,350.70,350.174979986452367756,129912,2822,45491932.00,9553,7.35,18.75,-9.30
23-October-2018,379.00,379.00,346.05,355.35,354.969232868099342187,168589,4036,59843908.00,19644,11.65,32.95,-23.65
22-October-2018,378.10,380.20,371.05,374.10,375.702335525827381924,67351,3683,25303928.00,15002,22.27,9.15,-4.00
19-October-2018,390.00,390.00,372.85,378.75,379.496038985785756565,123327,3549,46802108.00,19249,15.61,17.15,-11.25
17-October-2018,403.00,403.00,391.05,393.50,395.888382609887286306,29189,812,11555586.00,5792,19.84,11.95,-9.50
16-October-2018,395.25,402.55,393.05,395.10,397.188429375589756938,30733,673,12206792.00,5251,17.09,9.50,-0.15
15-October-2018,394.00,406.50,391.00,395.15,397.998899576906293281,105414,3329,41954656.00,17090,16.21,15.50,1.15
12-October-2018,390.05,395.20,377.45,389.45,386.404778692513183113,100697,1888,38909802.00,9496,9.43,17.75,-0.60
11-October-2018,389.00,395.00,373.10,384.50,384.478509182571119913,138850,2479,53384841.00,7814,5.63,21.90,-4.50
10-October-2018,388.10,406.00,383.90,404.05,400.018855864493448386,93870,3414,37549770.00,19160,20.41,22.10,15.95
9-October-2018,406.00,409.80,380.05,391.05,391.603378140950429712,167903,4593,65751382.00,28487,16.97,29.75,-14.95
8-October-2018,403.00,414.35,396.00,405.65,407.666702685828860954,83289,1879,33954152.00,9090,10.91,18.35,2.65
5-October-2018,400.00,418.00,386.40,408.90,404.020695364238410596,130464,4448,52710156.00,27100,20.77,31.60,8.90
4-October-2018,438.85,438.85,406.05,408.55,416.397897196261682242,89880,3911,37425843.00,21142,23.52,32.80,-30.30
3-October-2018,435.50,460.00,429.70,433.75,438.566632005109500609,189451,6512,83086887.00,42602,22.49,30.30,-1.75
1-October-2018,425.40,433.50,409.20,431.20,424.443250774350294195,86847,1712,36861623.00,9362,10.78,24.30,5.80
28-September-2018,445.00,445.00,421.40,428.40,430.640299124998084496,65257,1275,28102294.00,10700,16.40,23.60,-16.60
27-September-2018,437.05,440.45,431.45,434.50,435.858821441949411509,50723,883,22108067.00,10360,20.42,9.00,-2.55
26-September-2018,445.00,448.00,417.50,436.00,430.338140448971683228,108381,1706,46640478.00,8885,8.20,30.50,-9.00
25-September-2018,449.80,452.55,429.95,443.00,444.408102912908472571,67630,1769,30055320.00,12471,18.44,22.60,-6.80
24-September-2018,447.75,454.00,438.05,449.35,446.994888640113127504,67888,1175,30345589.00,10077,14.84,15.95,1.60
21-September-2018,455.70,460.60,430.05,443.55,448.016598474986051701,86032,1428,38543764.00,15969,18.56,30.55,-12.15
19-September-2018,464.30,464.95,453.65,456.20,457.810533574691836910,34803,552,15933180.00,8866,25.47,11.30,-8.10
18-September-2018,466.00,468.30,460.45,462.35,464.138451621658298276,58952,834,27361890.00,10090,17.12,7.85,-3.65
17-September-2018,468.75,474.80,462.80,465.05,470.002360894993829478,149096,1891,70075472.00,13850,9.29,12.00,-3.70
14-September-2018,463.80,470.10,455.75,467.25,462.914929842071273410,119231,1874,55193810.00,20455,17.16,14.35,3.45
12-September-2018,456.00,464.20,453.55,461.15,459.775851361142738846,154576,2821,71070312.00,17097,11.06,10.65,5.15
11-September-2018,460.00,471.90,451.70,454.20,463.381023625488765537,297433,5668,137824808.00,46318,15.57,20.20,-5.80
10-September-2018,442.00,462.50,439.70,456.00,455.964364319562859805,406643,8115,185414717.00,94684,23.28,22.80,14.00
7-September-2018,445.00,446.75,440.00,441.95,443.278700304412014475,76541,2255,33928995.00,23490,30.69,6.75,-3.05
6-September-2018,440.95,445.60,435.80,443.05,441.593590143984836899,92857,4032,41005056.00,25779,27.76,9.80,2.10
5-September-2018,429.75,446.35,428.55,439.75,440.073258161406273080,304635,6628,134061717.00,107283,35.22,17.80,10.00
4-September-2018,432.30,436.00,423.70,426.45,430.772736588211183453,126866,2808,54650414.00,27964,22.04,12.30,-5.85
3-September-2018,441.00,445.50,428.00,429.90,438.713597407880156537,142586,4498,62554417.00,47685,33.44,17.50,-11.10
31-August-2018,432.00,445.00,432.00,438.25,439.619271748736433415,201414,4436,88545476.00,58874,29.23,13.00,6.25
30-August-2018,435.00,435.00,426.00,432.70,431.570453137956733040,190538,5864,82230571.00,56525,29.67,9.00,-2.30
29-August-2018,422.40,434.00,414.00,430.95,425.798319013011485824,507321,14924,216016429.00,64403,12.69,20.00,8.55
28-August-2018,427.00,430.20,417.10,419.35,423.536171181589522680,276712,6262,117197541.00,70939,25.64,13.10,-7.65
27-August-2018,432.50,434.75,423.10,426.55,430.410084079344779733,404261,6692,173998011.00,108586,26.86,11.65,-5.95
24-August-2018,453.00,455.00,415.20,431.50,436.321565346725908010,7760121,57657,3385908142.00,1042252,13.43,39.80,-21.50
23-August-2018,492.75,500.40,492.00,497.70,496.507055798708563129,50951,1292,25297531.00,10203,20.03,8.40,4.95
21-August-2018,497.00,501.60,487.55,490.80,496.127450221666979911,90451,1366,44875224.00,12765,14.11,14.05,-6.20
20-August-2018,491.90,499.50,486.00,493.80,495.329169817764875216,81982,1190,40608076.00,10346,12.62,13.50,1.90
17-August-2018,489.00,489.00,475.90,487.15,483.559166023720237561,55733,804,26950203.00,5730,10.28,13.10,-1.85
16-August-2018,484.50,490.15,480.80,482.50,485.805320009851870096,85263,1063,41421219.00,8771,10.29,9.35,-2.00
14-August-2018,485.00,490.00,479.00,483.05,485.403143289812957884,48866,1044,23719710.00,7273,14.88,11.00,-1.95
13-August-2018,473.25,495.45,472.40,483.40,485.199858794771846762,168549,2567,81779951.00,28416,16.86,23.05,10.15
10-August-2018,463.90,474.00,463.10,471.00,469.274617933626786685,40438,709,18976527.00,9740,24.09,10.90,7.10
9-August-2018,480.55,480.55,461.15,463.75,467.446568599393280293,34942,721,16333518.00,11439,32.74,19.40,-16.80
8-August-2018,474.00,482.90,471.00,476.85,478.769341695660135506,43688,737,20916475.00,7654,17.52,11.90,2.85
7-August-2018,467.10,481.05,457.90,473.50,470.349101963976798616,78616,1521,36976965.00,17479,22.23,23.15,6.40
6-August-2018,477.75,477.75,460.00,466.90,469.133420926899187768,50232,760,23565510.00,8902,17.72,17.75,-10.85
3-August-2018,477.75,478.35,468.60,473.15,472.820536088231188049,42978,636,20320881.00,4553,10.59,9.75,-4.60
2-August-2018,469.00,481.50,466.30,473.95,475.736632792851739014,97814,1474,46533703.00,15931,16.29,15.20,4.95
1-August-2018,469.70,470.80,462.00,466.30,466.322383044030482641,75584,1087,35246511.00,19395,25.66,8.80,-3.40
31-July-2018,461.75,469.80,459.60,464.90,465.452783776171251525,53255,900,24787688.00,9449,17.74,10.20,3.15
30-July-2018,455.80,463.05,455.05,458.75,458.882819696842810484,47764,780,21918079.00,6115,12.80,8.00,2.95
27-July-2018,455.00,463.00,450.00,457.40,457.416201753387225321,87830,1421,40174865.00,11322,12.89,13.00,2.40
26-July-2018,460.00,464.70,449.00,452.20,456.207210613142700027,116384,2549,53095220.00,13173,11.32,15.70,-7.80
25-July-2018,472.00,474.90,452.00,456.55,460.156243405811734648,440729,9891,202804201.00,41346,9.38,22.90,-15.45
24-July-2018,504.00,510.00,489.40,496.50,501.254883397258500428,123582,2408,61946081.00,12746,10.31,20.60,-7.50
23-July-2018,503.00,507.45,493.60,504.10,501.485570306808062818,49412,858,24779405.00,5996,12.13,13.85,1.10
20-July-2018,484.80,504.50,477.15,502.70,494.938429237150709250,117166,1734,57989956.00,21753,18.57,27.35,17.90
19-July-2018,497.45,501.05,482.40,486.35,488.740257168813622492,85858,1659,41962261.00,11131,12.96,18.65,-11.10
18-July-2018,507.25,510.55,494.35,501.35,501.567292998428789737,92922,1596,46606636.00,14383,15.48,16.20,-5.90
17-July-2018,501.90,515.00,498.00,505.20,508.380583446404341926,147400,2548,74935298.00,15719,10.66,17.00,3.30
16-July-2018,499.00,506.00,494.15,499.45,501.418449493831384466,99374,1639,49827957.00,13619,13.70,11.85,0.45
13-July-2018,494.90,503.00,487.00,499.05,496.665375944378474194,174321,2964,86579205.00,22728,13.04,16.00,4.15
12-July-2018,491.40,509.30,483.25,494.15,495.501895972268656191,227324,3841,112639473.00,24223,10.66,26.05,2.75
11-July-2018,489.45,501.60,485.80,487.60,494.398402712965667590,280726,5908,138790486.00,31954,11.38,15.80,-1.85
10-July-2018,529.70,529.70,483.00,493.75,495.939866268852207748,574137,11107,284737427.00,23765,4.14,46.70,-35.95
9-July-2018,450.75,557.40,449.60,508.95,503.051950018707351692,336766,5954,169410793.00,29145,8.65,107.80,58.20
6-July-2018,446.00,456.25,442.20,450.10,449.660450660450660450,52767,1049,23727233.00,7796,14.77,14.05,4.10
5-July-2018,461.55,461.55,442.90,446.70,452.211879645169024214,33368,707,15089406.00,4908,14.71,18.65,-14.85
4-July-2018,471.00,471.00,458.90,461.55,463.791090500281056773,35580,843,16501687.00,6775,19.04,12.10,-9.45
3-July-2018,460.65,471.05,454.50,467.90,463.894039735099337748,52850,840,24516800.00,7588,14.36,16.55,7.25
2-July-2018,451.05,467.55,451.05,460.40,461.493461142073823555,99941,1615,46122118.00,14947,14.96,16.50,9.35
29-June-2018,455.00,462.30,445.80,459.25,454.815308926513606949,67686,1005,30784629.00,13864,20.48,16.50,4.25
28-June-2018,467.95,468.00,449.00,457.75,454.398227293566298201,98155,1642,44601458.00,4698,4.79,19.00,-10.20
27-June-2018,466.05,475.60,461.05,465.75,469.136303304292286658,200406,4151,94017730.00,25721,12.83,14.55,-0.30
26-June-2018,439.60,468.45,435.15,462.70,454.660756543245022507,112406,2396,51106597.00,14654,13.04,33.30,23.10
25-June-2018,442.95,444.90,436.80,439.60,440.623850583855674695,31429,529,13848367.00,3607,11.48,8.10,-3.35
22-June-2018,434.20,443.65,428.95,440.35,437.721023369770071617,42448,654,18580382.00,3830,9.02,14.70,6.15
21-June-2018,434.00,439.80,432.00,435.95,436.995356508500380614,39410,584,17221987.00,4524,11.48,7.80,1.95
20-June-2018,433.45,437.75,426.50,430.95,432.103210848029227850,28466,503,12300250.00,6527,22.93,11.25,-2.50
19-June-2018,436.80,441.05,431.00,434.45,434.644116058716677303,20369,395,8853266.00,4560,22.39,10.05,-2.35
18-June-2018,440.55,444.10,428.65,437.25,437.487342859373779964,128070,1609,56029004.00,5887,4.60,15.45,-3.30
15-June-2018,450.10,454.30,443.05,445.45,447.662677328947226039,92413,1301,41369851.00,4333,4.69,11.25,-4.65
14-June-2018,436.10,459.00,434.30,448.10,440.962034383954154727,73988,1371,32625899.00,17869,24.15,24.70,12.00
13-June-2018,443.90,445.50,432.45,435.20,436.911297106325706594,23776,439,10388003.00,4813,20.24,13.05,-8.70
12-June-2018,435.40,443.65,431.25,438.55,439.930169220713196310,55076,801,24229594.00,8126,14.75,12.40,3.15
11-June-2018,436.90,436.90,431.00,433.30,433.731291198138813493,18053,467,7830151.00,2891,16.01,5.90,-3.60
8-June-2018,431.00,437.45,427.00,432.25,432.104315429990686122,41873,732,18093504.00,6150,14.69,10.45,1.25
7-June-2018,424.10,433.50,423.05,430.65,428.780239304849948641,36021,962,15445093.00,6169,17.13,10.45,6.55
6-June-2018,412.05,429.00,401.00,426.50,416.668624989218044680,104341,2566,43475621.00,14522,13.92,28.00,14.45
5-June-2018,443.50,443.50,404.00,414.95,419.205778382770373653,94767,2204,39726874.00,15909,16.79,39.50,-28.55
4-June-2018,438.00,446.95,432.00,442.85,438.821654700233269714,33009,635,14485064.00,6515,19.74,14.95,4.85
1-June-2018,440.20,443.25,427.35,434.85,435.570376558680652247,64638,1154,28154398.00,8104,12.54,15.90,-5.35
31-May-2018,445.25,452.30,435.80,439.60,445.531949958798411866,80094,1176,35684436.00,8353,10.43,16.50,-5.65
30-May-2018,439.00,451.80,438.70,445.05,444.590985997196216503,62059,885,27590872.00,11407,18.38,13.10,6.05
29-May-2018,438.00,459.30,435.20,443.10,448.428810096849696879,120909,2118,54219079.00,19636,16.24,24.10,5.10
28-May-2018,443.00,445.25,431.45,435.05,435.505927612467614037,38211,926,16641117.00,8148,21.32,13.80,-7.95
25-May-2018,438.00,448.90,435.45,443.75,444.728164780763790664,90496,1522,40246120.00,13972,15.44,13.45,5.75
24-May-2018,420.00,436.25,420.00,432.15,431.657972329326377863,35272,748,15225440.00,7754,21.98,16.25,12.15
23-May-2018,418.05,439.15,418.05,424.30,429.607380222718272735,79293,1518,34064858.00,9997,12.61,21.10,6.25
22-May-2018,425.00,429.90,414.00,420.05,420.562243359065864329,66971,1118,28165474.00,8127,12.14,15.90,-4.95
21-May-2018,429.00,429.40,420.80,426.50,425.651257555520340479,44173,612,18802293.00,5528,12.51,8.60,-2.50
18-May-2018,427.80,430.45,422.00,425.10,425.927074210311204530,51381,731,21884559.00,8890,17.30,8.45,-2.70
17-May-2018,439.50,439.50,421.05,427.05,427.304662804942603487,66119,996,28252957.00,8152,12.33,18.45,-12.45
16-May-2018,424.00,437.00,420.25,433.95,430.235613346114598472,64678,1080,27826779.00,10898,16.85,16.75,9.95
15-May-2018,427.50,435.60,415.90,421.80,426.915508720930232558,68800,1316,29371787.00,9341,13.58,19.70,-5.70
14-May-2018,442.50,442.50,420.55,429.05,428.115103662080992055,103220,1815,44190041.00,11314,10.96,21.95,-13.45
11-May-2018,418.10,453.90,418.00,442.05,432.100194501393050517,171207,3597,73978578.00,32598,19.04,35.90,23.95
10-May-2018,407.70,429.50,406.60,417.45,413.269039193756378993,163623,2876,67620320.00,31125,19.02,22.90,9.75
9-May-2018,401.30,408.70,400.70,406.15,404.751742549267061450,103010,1531,41693477.00,21591,20.96,8.00,4.85
8-May-2018,399.00,406.65,392.40,401.00,400.668836202809800279,179301,2876,71840323.00,19919,11.11,14.25,2.00
7-May-2018,390.05,399.00,383.50,393.70,391.374186594275220567,275539,3885,107838852.00,24870,9.03,15.50,3.65
4-May-2018,438.80,438.80,381.00,387.40,401.437400162335483189,1117439,15994,448581807.00,181009,16.20,57.80,-51.40
3-May-2018,455.00,456.75,441.45,451.25,449.982182084452038076,127007,1906,57150887.00,10034,7.90,15.30,-3.75
2-May-2018,445.30,457.30,441.00,450.05,449.715324713985129256,147807,2043,66471073.00,13767,9.31,16.30,4.75
30-April-2018,433.10,450.35,433.10,448.70,444.365620361176921640,101723,1611,45202204.00,19652,19.32,17.25,15.60
27-April-2018,432.45,434.00,422.40,432.70,428.815918635834640489,118578,1251,50848134.00,8458,7.13,11.60,0.25
26-April-2018,430.00,436.40,425.50,428.35,429.451069115428977020,45084,668,19361372.00,7989,17.72,10.90,-1.65
25-April-2018,424.55,441.25,422.95,430.05,435.047318378267133154,121475,1700,52847373.00,12765,10.51,18.30,5.50
24-April-2018,435.00,436.95,423.80,425.85,428.963759510113193542,53890,792,23116857.00,8973,16.65,13.15,-9.15
23-April-2018,439.00,444.00,432.80,433.85,438.083346003750443464,118386,2455,51862935.00,19191,16.21,11.20,-5.15
20-April-2018,420.20,438.60,420.20,434.50,432.853656253824721560,138899,2081,60122940.00,26811,19.30,18.40,14.30
19-April-2018,417.20,426.15,416.05,420.60,418.936606571367612545,37496,567,15708447.00,7804,20.81,10.10,3.40
18-April-2018,415.80,428.50,414.10,416.65,423.674588794375488238,184336,2955,78098479.00,18697,10.14,14.40,0.85
17-April-2018,414.65,415.50,411.50,413.60,413.573835149408382913,14959,260,6186651.00,2821,18.86,4.00,-1.05
16-April-2018,399.00,417.00,399.00,416.20,413.490202986530800292,36899,612,15257375.00,5750,15.58,18.00,17.20
13-April-2018,415.00,418.50,408.20,411.15,411.757789515338162173,116246,1909,47865196.00,11810,10.16,10.30,-3.85
12-April-2018,405.00,422.00,405.00,415.30,418.082680036463081130,87760,1607,36690936.00,17718,20.19,17.00,10.30
11-April-2018,404.00,415.40,403.30,408.80,409.522808502633559066,106320,1767,43540465.00,17413,16.38,12.10,4.80
10-April-2018,401.40,410.40,400.70,403.30,406.286999128561798122,60819,1104,24709969.00,4745,7.80,9.70,1.90
9-April-2018,414.00,414.00,400.25,402.00,403.532501931354155170,36244,918,14625632.00,7987,22.04,13.75,-12.00
6-April-2018,399.55,415.50,399.40,406.30,409.832976150059412663,94256,1574,38629217.00,10301,10.93,16.10,6.75
5-April-2018,404.20,405.25,398.80,401.45,401.604381603480422622,32180,659,12923629.00,8211,25.52,6.45,-2.75
4-April-2018,413.00,418.00,394.70,397.95,404.477494150923630268,85911,2015,34749066.00,16566,19.28,23.30,-15.05
3-April-2018,410.00,420.00,404.45,415.60,412.852918429552795596,175848,2892,72599360.00,37868,21.53,15.55,5.60
2-April-2018,376.00,419.90,376.00,413.70,404.678354657212223977,207592,3539,84007989.00,21194,10.21,43.90,37.70
28-March-2018,365.00,380.00,365.00,375.35,373.373234447642240425,45170,806,16865269.00,6316,13.98,15.00,10.35
27-March-2018,376.00,379.85,364.85,370.20,371.770441729323308270,38304,1022,14240295.00,6109,15.95,15.00,-5.80
26-March-2018,377.00,381.90,370.10,373.40,378.116839658261397456,67537,1146,25536877.00,17478,25.88,11.80,-3.60
23-March-2018,380.00,380.00,373.20,376.30,376.509174189055259421,37333,704,14056217.00,5452,14.60,6.80,-3.70
22-March-2018,373.80,385.50,372.80,383.50,380.955182691246274423,63413,1280,24157511.00,11350,17.90,12.70,9.70
21-March-2018,375.00,388.65,371.80,373.75,375.710285786226866423,79430,1087,29842668.00,6233,7.85,16.85,-1.25
20-March-2018,345.10,375.90,345.10,373.85,370.177570861852788226,48651,1075,18009509.00,6080,12.50,30.80,28.75
19-March-2018,370.15,370.15,357.60,360.35,362.734517865248686855,30842,537,11187458.00,6796,22.03,12.55,-9.80
16-March-2018,378.00,378.00,368.80,370.05,373.229476977487587567,29406,528,10975186.00,5898,20.06,9.20,-7.95
15-March-2018,388.50,390.00,378.70,380.95,384.551613165379926859,61525,940,23659538.00,9106,14.80,11.30,-7.55
14-March-2018,383.00,391.80,375.80,388.50,384.307517084282460136,111506,1885,42852594.00,21889,19.63,16.00,5.50
13-March-2018,375.20,388.70,371.30,381.05,377.128443226535409550,76999,1625,29038513.00,11851,15.39,17.40,5.85
12-March-2018,363.20,376.90,363.20,374.45,369.327137002341920374,68320,1079,25232430.00,14019,20.52,13.70,11.25
9-March-2018,360.00,363.45,352.45,361.10,358.591780718193348098,52827,684,18943328.00,11801,22.34,11.00,1.10
8-March-2018,361.45,361.45,353.70,356.95,356.400316736521632285,73247,1057,26105254.00,8276,11.30,7.75,-4.50
7-March-2018,349.20,357.50,345.65,354.35,353.074353666420693122,153133,2139,54067335.00,11641,7.60,11.85,5.15
6-March-2018,360.00,360.00,341.35,345.75,351.926955857591695741,57609,1147,20274160.00,8882,15.42,18.65,-14.25
5-March-2018,341.30,355.00,341.30,353.10,351.371962917745549190,74537,2388,26190212.00,10823,14.52,13.70,11.80
1-March-2018,346.65,349.20,342.30,344.05,346.881219143803963119,44359,883,15387304.00,2134,4.81,6.90,-2.60
28-February-2018,345.00,349.25,341.65,345.90,345.713972201901975128,39643,945,13705139.00,9723,24.53,7.60,0.90
27-February-2018,343.50,348.00,342.65,346.10,345.101909273906589943,49181,1270,16972457.00,10263,20.87,5.35,2.60
26-February-2018,357.00,357.00,340.25,345.50,349.152035231204781377,79475,1479,27748858.00,18783,23.63,16.75,-11.50
23-February-2018,353.00,358.15,346.00,352.20,353.341040192982251692,85811,1521,30320548.00,13419,15.64,12.15,-0.80
22-February-2018,347.00,354.15,344.25,351.50,351.062721088435374149,110250,2426,38704665.00,20435,18.54,9.90,4.50
21-February-2018,336.65,346.95,335.00,345.30,343.566129369168639465,114896,2739,39474374.00,15845,13.79,11.95,8.65
20-February-2018,331.00,337.85,327.00,333.55,334.653909210632407880,37207,1041,12451468.00,5807,15.61,10.85,2.55
19-February-2018,343.00,345.00,325.25,330.80,331.592898519630980476,27966,801,9273327.00,5260,18.81,19.75,-12.20
16-February-2018,332.60,338.20,331.20,332.95,334.031064531323598681,42460,1235,14182959.00,13388,31.53,7.00,0.35
15-February-2018,332.00,339.85,330.05,331.80,335.211176211654346473,131762,2287,44168095.00,20638,15.66,9.80,-0.20
14-February-2018,331.45,335.00,328.70,330.10,331.265465103202919737,97817,1881,32403394.00,16324,16.69,6.30,-1.35
12-February-2018,339.80,346.80,327.00,329.60,338.685913426265590608,109040,1907,36930312.00,22040,20.21,19.80,-10.20
9-February-2018,322.00,345.00,322.00,341.45,336.335327820821668077,153590,3425,51657743.00,17116,11.14,23.00,19.45
8-February-2018,353.70,353.70,334.40,337.45,340.199731637533153728,191532,3107,65159135.00,28319,14.79,19.30,-16.25
7-February-2018,374.70,374.70,352.45,355.25,364.108400277695130417,70581,1284,25699135.00,16205,22.96,22.25,-19.45
6-February-2018,370.00,371.20,356.00,367.35,364.172028454637150289,37674,1047,13719817.00,7275,19.31,15.20,-2.65
5-February-2018,370.00,375.25,361.00,370.80,368.868855563781615330,58081,1087,21424272.00,9323,16.05,14.25,0.80
2-February-2018,379.30,389.65,361.50,370.35,372.407529457781254583,204530,3519,76168512.00,20447,10.00,28.15,-8.95
1-February-2018,380.30,384.95,374.40,379.20,380.476383096776503015,55871,1233,21257596.00,13293,23.79,10.55,-1.10
31-January-2018,382.20,386.30,375.25,381.05,380.624812469222047893,87319,1595,33235778.00,10104,11.57,11.05,-1.15
30-January-2018,376.00,384.00,370.50,382.20,379.064699059157107874,62072,1583,23529304.00,11752,18.93,13.50,6.20
29-January-2018,381.00,390.90,373.25,375.50,383.359067185763403680,153857,2299,58982476.00,18814,12.23,17.65,-5.50
25-January-2018,388.00,391.00,377.05,380.70,384.273893349513878109,141734,2402,54464676.00,20175,14.23,13.95,-7.30
24-January-2018,365.00,394.60,364.00,390.00,382.952611993823358169,355533,5495,136152291.00,41232,11.60,30.60,25.00
23-January-2018,352.40,365.20,351.95,362.75,358.259726245909522748,85259,1458,30544866.00,10363,12.15,13.25,10.35
22-January-2018,348.10,353.85,347.50,352.40,351.554299569701523120,29282,648,10294213.00,5254,17.94,6.35,4.30
19-January-2018,338.10,354.15,338.10,350.80,350.522238880559720139,28014,585,9819530.00,5198,18.56,16.05,12.70
18-January-2018,358.15,365.00,344.75,347.70,353.719906038766998513,62579,1107,22135438.00,14758,23.58,20.25,-10.45
17-January-2018,358.15,362.60,357.00,358.15,359.182160048134777376,39888,799,14327058.00,6427,16.11,5.60,0.00
16-January-2018,357.90,363.20,356.00,357.80,358.632871536523929471,46052,785,16515761.00,9299,20.19,7.20,-0.10
15-January-2018,360.30,364.50,356.35,357.30,359.395553070420682169,30403,479,10926703.00,7461,24.54,8.15,-3.00
12-January-2018,362.70,366.10,356.70,358.30,362.059053196681307955,57372,765,20772052.00,8119,14.15,9.40,-4.40
11-January-2018,364.60,364.85,359.10,361.15,361.050463487725727062,64403,1265,23252733.00,10936,16.98,5.75,-3.45
10-January-2018,350.00,365.95,350.00,362.35,360.425602808928379491,83733,1407,30179517.00,11224,13.40,15.95,12.35
9-January-2018,366.50,368.75,358.20,360.95,362.214273725200577394,59578,1287,21580002.00,9709,16.30,10.55,-5.55
8-January-2018,361.00,365.10,359.00,362.65,362.852072508032208163,126055,1834,45739318.00,16784,13.31,6.10,1.65
5-January-2018,352.00,358.80,351.15,356.10,356.340859306546501439,127824,1748,45548914.00,25093,19.63,7.65,4.10
4-January-2018,351.95,354.15,348.95,351.55,350.879338771259979173,69144,1031,24261201.00,10899,15.76,5.20,-0.40
3-January-2018,344.05,352.55,343.80,350.70,349.876660175921573893,148930,2498,52107131.00,33927,22.78,8.75,6.65
2-January-2018,350.00,350.00,338.25,340.40,341.677229615469450775,40803,549,13941456.00,7376,18.08,11.75,-9.60
1-January-2018,341.60,346.05,340.00,342.25,343.050938676504030118,39577,637,13576927.00,11014,27.83,6.05,0.65
29-December-2017,339.90,342.15,336.15,340.25,339.562944658665073589,36826,470,12504745.00,9707,26.36,6.00,0.35
28-December-2017,336.10,343.00,336.10,338.25,339.678386997555566347,61773,772,20982953.00,13985,22.64,6.90,2.15
27-December-2017,336.55,337.55,332.20,335.95,335.044296553770505701,23591,294,7904030.00,5580,23.65,5.35,-0.60
26-December-2017,337.00,338.50,331.45,336.15,334.634168351140629511,55408,724,18541410.00,8656,15.62,7.05,-0.85
22-December-2017,332.40,344.80,332.40,336.70,339.326201267437346548,198353,2713,67306370.00,31735,16.00,12.40,4.30
21-December-2017,322.00,330.00,322.00,329.50,328.496053814645842352,30029,1026,9864408.00,9379,31.23,8.00,7.50
20-December-2017,326.30,330.25,322.00,324.20,327.594335060449050086,86850,2259,28451568.00,24831,28.59,8.25,-2.10
19-December-2017,320.10,329.30,320.10,326.20,326.332204598110853680,39277,726,12817350.00,7503,19.10,9.20,6.10
18-December-2017,320.35,327.00,316.90,321.65,322.146456525494677811,75251,1807,24241843.00,13057,17.35,10.10,1.30
15-December-2017,330.00,330.00,319.25,321.40,325.026380377812613810,63153,1210,20526391.00,14978,23.72,10.75,-8.60
14-December-2017,323.00,326.75,321.05,325.25,323.971703429926997732,76299,1676,24718717.00,14404,18.88,5.70,2.25
13-December-2017,323.30,331.80,316.90,319.65,325.404091813852704779,158756,2687,51659852.00,32456,20.44,14.90,-3.65
12-December-2017,328.75,333.70,321.20,323.35,329.445822454308093994,38300,866,12617775.00,9577,25.01,12.50,-5.40
11-December-2017,331.30,333.90,323.00,328.65,329.110977980136858641,112671,1738,37081263.00,14384,12.77,10.90,-2.65
8-December-2017,330.60,334.70,328.20,329.80,330.902309939908484480,36278,588,12004474.00,6129,16.89,6.50,-0.80
7-December-2017,337.05,339.15,327.55,330.75,333.362131317167122557,97611,1204,32539811.00,24870,25.48,11.60,-6.30
6-December-2017,342.20,342.35,333.25,334.75,337.179339752095170051,88179,2245,29732137.00,15529,17.61,9.10,-7.45
5-December-2017,333.00,349.40,331.95,344.10,344.610687435123572718,166663,2314,57433851.00,18357,11.01,17.45,11.10
4-December-2017,337.00,337.90,330.50,334.25,333.709516001958988991,46963,677,15672000.00,3419,7.28,7.40,-2.75
1-December-2017,338.80,346.50,337.00,339.70,342.288233703862729195,62883,1063,21524111.00,10407,16.55,9.50,0.90
30-November-2017,334.00,342.00,331.10,336.25,337.910342307223778779,65672,1065,22191248.00,11041,16.81,10.90,2.25
29-November-2017,318.10,338.00,318.10,336.45,332.078082013058103455,176289,2235,58541713.00,35908,20.37,19.90,18.35
28-November-2017,326.50,326.50,316.00,318.00,321.818527467405835673,81533,1050,26238830.00,14914,18.29,10.50,-8.50
27-November-2017,334.00,334.00,321.65,324.00,325.138195629776568098,65031,895,21144062.00,8198,12.61,12.35,-10.00
24-November-2017,330.10,332.25,324.30,325.85,327.988126919140225179,29310,460,9613332.00,6183,21.10,7.95,-4.25
23-November-2017,332.55,336.15,328.20,329.45,331.533262136786365861,44946,662,14901094.00,7732,17.20,7.95,-3.10
22-November-2017,339.80,339.80,330.45,331.50,334.675591397849462365,65100,944,21787381.00,10710,16.45,9.35,-8.30
21-November-2017,330.45,336.75,327.60,335.65,332.593243617315759214,93926,1264,31239153.00,10338,11.01,9.15,5.20
20-November-2017,327.40,331.75,326.35,330.70,329.296547808312514194,44030,688,14498927.00,3088,7.01,5.40,3.30
17-November-2017,338.00,340.00,329.70,330.70,332.998320259625890833,61319,1047,20419124.00,11913,19.43,10.30,-7.30
16-November-2017,335.50,339.50,325.60,335.70,334.205019204236118879,160902,2054,53774256.00,12772,7.94,13.90,0.20
15-November-2017,343.00,343.00,332.60,335.80,338.090519050505992631,42886,736,14499350.00,5207,12.14,10.40,-7.20
14-November-2017,345.10,349.00,340.60,342.30,345.353991290445105954,113209,1664,39097180.00,9340,8.25,8.40,-2.80
13-November-2017,338.80,347.70,337.00,344.10,342.890228052830943203,90023,2192,30868007.00,11969,13.30,10.70,5.30
10-November-2017,343.00,345.20,336.00,339.35,340.975904876643444555,76364,867,26038284.00,5948,7.79,9.20,-3.65
9-November-2017,339.00,345.00,334.90,343.95,340.992250479116600249,131492,1977,44837753.00,14582,11.09,10.10,4.95
8-November-2017,335.65,342.50,328.20,336.95,336.949047779593177554,115677,1775,38977255.00,12941,11.19,14.30,1.30
7-November-2017,315.00,344.25,312.00,335.65,335.326683183630282127,345907,4889,115991847.00,53453,15.45,32.25,20.65
6-November-2017,315.50,324.80,315.00,320.25,320.839834874160928312,57653,1569,18497379.00,10276,17.82,9.80,4.75
3-November-2017,317.00,320.75,313.45,315.20,316.099253121717820049,119966,1606,37921163.00,12376,10.32,7.30,-1.80
2-November-2017,288.00,322.15,285.50,319.00,311.800091405973100527,857712,11427,267434680.00,89432,10.43,36.65,31.00
1-November-2017,284.00,288.40,276.00,280.15,283.343644846140091356,61517,1031,17430451.00,10875,17.68,12.40,-3.85
31-October-2017,292.50,293.05,284.70,285.45,286.946334319797418921,32777,527,9405240.00,8467,25.83,8.35,-7.05
30-October-2017,290.50,303.00,285.40,291.75,290.059902200488997555,60532,736,17557906.00,17498,28.91,17.60,1.25
27-October-2017,285.00,286.10,282.15,283.20,283.952142799056680491,24594,434,6983519.00,3316,13.48,3.95,-1.80
26-October-2017,288.00,291.60,281.95,286.05,287.810951760104302477,50622,815,14569566.00,13640,26.94,9.65,-1.95
25-October-2017,289.50,293.10,285.00,289.30,289.616875769576358614,60098,1113,17405395.00,14435,24.02,8.10,-0.20
24-October-2017,283.00,290.85,283.00,289.00,287.847479036766286820,37208,652,10710229.00,14324,38.50,7.85,6.00
23-October-2017,281.50,286.00,280.80,283.25,283.359495229301323484,16245,399,4603175.00,3884,23.91,5.20,1.75
19-October-2017,287.15,290.00,278.05,281.15,283.711439679881942276,35237,407,9997140.00,12206,34.64,11.95,-6.00
18-October-2017,281.10,285.40,281.10,283.95,284.031356331466261843,76412,1262,21703404.00,23893,31.27,4.30,2.85
17-October-2017,275.10,283.00,275.05,280.60,280.498058503753559409,54082,787,15169896.00,13530,25.02,7.95,5.50
16-October-2017,275.50,277.05,270.90,276.65,275.552575298520762787,22444,285,6184502.00,7438,33.14,6.15,1.15
13-October-2017,275.00,278.00,273.00,275.05,274.922065356027620178,22737,447,6250903.00,5972,26.27,5.00,0.05
12-October-2017,268.00,275.45,267.80,274.20,273.236521739130434782,48300,849,13197324.00,9354,19.37,7.65,6.20
11-October-2017,280.95,280.95,265.70,268.00,273.653510436432637571,50065,871,13700463.00,12839,25.64,15.25,-12.95
10-October-2017,265.90,280.55,265.90,279.05,275.234621263374176250,79818,1183,21968677.00,21577,27.03,14.65,13.15
9-October-2017,267.35,267.80,263.10,265.80,265.634266734326705724,21677,367,5758154.00,4233,19.53,4.70,-1.55
6-October-2017,266.55,267.40,263.25,265.20,265.699749678641499221,29562,425,7854616.00,5997,20.29,4.15,-1.35
5-October-2017,266.00,268.65,263.05,264.50,265.731744469441319835,42672,546,11339305.00,5002,11.72,5.60,-1.50
4-October-2017,265.00,270.00,261.75,267.75,265.983998572363333531,50433,810,13414371.00,13012,25.80,8.25,2.75
3-October-2017,270.55,272.00,263.00,264.40,266.347162310750232597,23646,384,6298045.00,7984,33.76,9.00,-6.15
29-September-2017,269.50,271.95,266.10,269.55,269.252643383530919577,18726,338,5042025.00,5715,30.52,5.85,0.05
28-September-2017,260.65,268.80,259.85,266.70,265.559773192628760434,31745,578,8430195.00,5368,16.91,8.95,6.05
27-September-2017,270.00,271.85,258.85,260.25,265.721395810090492128,32268,497,8574298.00,9927,30.76,13.00,-9.75
26-September-2017,262.10,270.00,262.00,268.45,265.983378552049121804,35015,527,9313408.00,3982,11.37,8.00,6.35
25-September-2017,266.00,267.70,261.00,264.60,264.278930156874516185,63299,937,16728592.00,7858,12.41,6.70,-1.40
22-September-2017,275.00,275.00,267.10,268.25,270.737168182661963987,43096,645,11667689.00,10106,23.45,7.90,-6.75
21-September-2017,273.75,276.75,269.75,272.50,273.114111780325108477,46323,608,12651465.00,7907,17.07,7.00,-1.25
20-September-2017,280.00,283.00,274.20,275.95,277.810742897685280988,33827,490,9397504.00,11667,34.49,8.80,-4.05
19-September-2017,279.00,281.00,277.50,279.10,278.984224492021373268,27511,365,7675135.00,7762,28.21,3.50,0.10
18-September-2017,279.00,282.50,277.50,278.60,280.067747710763686953,87693,994,24559981.00,28987,33.06,5.00,-0.40
15-September-2017,274.00,278.90,274.00,277.85,276.900253109435810902,73486,900,20348292.00,27103,36.88,4.90,3.85
14-September-2017,276.00,278.80,273.15,274.65,275.512259788305415681,48655,597,13405049.00,9568,19.66,5.65,-1.35
13-September-2017,274.05,280.65,273.75,275.50,277.638997044437661457,134323,2176,37293303.00,42014,31.28,6.90,1.45
12-September-2017,272.45,274.80,271.80,272.95,273.290614631951864139,35566,732,9719854.00,5364,15.08,3.00,0.50
11-September-2017,273.00,274.65,270.90,271.65,272.586144733453515323,15532,426,4233808.00,4136,26.63,3.75,-1.35
8-September-2017,272.00,275.90,269.95,271.70,272.913216632166321663,44444,829,12129355.00,7501,16.88,5.95,-0.30
7-September-2017,270.25,274.00,269.80,271.40,271.666287168497187248,29864,416,8113042.00,5018,16.80,4.20,1.15
6-September-2017,274.00,274.00,268.55,269.85,271.170095793419408579,36015,521,9766191.00,7427,20.62,5.45,-4.15
5-September-2017,266.50,275.00,266.50,274.45,272.329102238633741057,51996,782,14160024.00,8859,17.04,8.50,7.95
4-September-2017,271.00,272.90,265.45,268.95,268.672110274579273693,36128,497,9706586.00,7319,20.26,7.45,-2.05
1-September-2017,276.00,276.00,268.25,271.25,271.521172456228673714,35754,574,9707968.00,8922,24.95,7.75,-4.75
31-August-2017,272.75,280.00,271.60,272.90,275.202124985336260495,119342,1650,32843172.00,,,8.40,0.15
30-August-2017,276.60,276.60,271.10,273.05,273.701059910812382860,30946,411,8469953.00,6077,19.64,5.50,-3.55
29-August-2017,274.30,275.60,267.60,270.65,272.444239379884771549,62311,835,16976273.00,15626,25.08,8.00,-3.65
28-August-2017,274.00,277.25,271.30,273.30,274.405762099161706503,64178,1031,17610813.00,16057,25.02,5.95,-0.70
24-August-2017,266.20,277.00,266.20,274.45,275.107127251741621666,121295,2048,33369119.00,18217,15.02,10.80,8.25
23-August-2017,266.00,270.05,266.00,268.80,268.457082065232028872,37129,714,9967543.00,7107,19.14,4.05,2.80
22-August-2017,266.00,270.95,261.50,264.35,265.325868918227944357,76273,1404,20237200.00,10397,13.63,9.45,-1.65
21-August-2017,273.00,275.25,264.00,265.40,268.374165378786742088,66647,1219,17886333.00,18353,27.54,11.25,-7.60
18-August-2017,276.80,280.80,271.35,273.45,275.911329435669077405,128453,1559,35441638.00,27839,21.67,9.45,-3.35
17-August-2017,265.00,281.35,265.00,277.65,275.849134887328633052,273317,4049,75394258.00,45804,16.76,16.35,12.65
16-August-2017,265.85,268.00,262.20,264.40,264.975364431486880466,68600,981,18177310.00,14313,20.86,5.80,-1.45
14-August-2017,254.65,268.75,254.35,264.10,263.690546806732872824,156783,3265,41342195.00,36629,23.36,14.40,9.45
11-August-2017,251.25,258.70,247.90,253.90,253.879650721336370539,52680,1127,13374380.00,12557,23.84,10.80,2.65
10-August-2017,258.00,263.35,250.35,253.75,257.582948198134338937,70538,1033,18169386.00,9293,13.17,13.00,-4.25
9-August-2017,262.95,264.10,257.20,260.25,260.475435672415161513,88197,1027,22973152.00,26099,29.59,6.90,-2.70
8-August-2017,253.00,263.95,253.00,260.85,259.816903412657888789,119467,2596,31039546.00,29655,24.82,10.95,7.85
7-August-2017,252.00,255.15,249.85,253.35,253.331951850483079034,37882,596,9596721.00,8832,23.31,5.30,1.35
4-August-2017,246.50,253.25,246.00,251.90,250.230149768848931592,46939,1160,11745553.00,11758,25.05,7.25,5.40
3-August-2017,249.90,255.35,246.00,247.00,250.583310268474951563,65034,869,16296435.00,14434,22.19,9.35,-2.90
2-August-2017,260.35,260.35,248.15,250.15,252.251450585737872474,63595,1161,16041931.00,8341,13.12,12.20,-10.20
1-August-2017,266.00,267.50,254.00,255.70,258.499815870151630930,217238,3007,56155983.00,26327,12.12,13.50,-10.30
31-July-2017,260.30,264.75,258.85,262.05,262.466091050565214987,126589,1702,33225320.00,20727,16.37,5.90,1.75
28-July-2017,257.25,262.25,254.00,260.30,259.795908148652573179,99857,1304,25942440.00,31354,31.40,8.25,3.05
27-July-2017,257.00,260.00,249.45,257.25,255.141737012445363851,119884,1488,30587412.00,28752,23.98,10.55,0.25
26-July-2017,250.25,257.95,248.60,256.15,254.908674377224199288,157360,2048,40112429.00,44115,28.03,9.35,5.90
25-July-2017,242.75,248.70,240.20,247.10,246.054634426537352671,90529,961,22275080.00,16883,18.65,8.50,4.35
24-July-2017,243.90,244.70,239.75,242.10,242.591815650773083051,57109,725,13854176.00,18292,32.03,4.95,-1.80
21-July-2017,246.70,247.10,240.40,243.50,243.510633070350249788,36631,565,8920038.00,8754,23.90,6.70,-3.20
20-July-2017,247.20,247.75,244.10,244.90,245.981955565580241344,35468,451,8724488.00,4308,12.15,3.65,-2.30
19-July-2017,247.40,248.70,243.10,247.00,245.953688060611338500,57415,730,14121431.00,8756,15.25,5.60,-0.40
18-July-2017,242.35,249.50,242.00,244.10,246.175576567843883168,109354,1231,26920284.00,14238,13.02,7.50,1.75
17-July-2017,242.70,247.40,240.20,243.60,243.779696424793738100,75632,1234,18437546.00,24500,32.39,7.20,0.90
14-July-2017,249.00,249.00,239.85,242.35,242.741683305175856243,65110,840,15804911.00,8670,13.32,9.15,-6.65
13-July-2017,252.90,252.90,245.35,246.20,247.727744005403579871,59220,789,14670437.00,12526,21.15,7.55,-6.70
12-July-2017,254.00,257.00,250.10,252.50,252.057137415484239596,63006,847,15881112.00,15086,23.94,6.90,-1.50
11-July-2017,247.00,254.80,244.90,252.15,251.991880166875687850,156284,1846,39382299.00,34869,22.31,9.90,5.15
10-July-2017,235.00,249.00,235.00,245.20,243.003486429910359364,137103,2248,33316507.00,36104,26.33,14.00,10.20
7-July-2017,240.15,242.75,236.80,238.15,239.745642487970058813,28055,460,6726064.00,6361,22.67,5.95,-2.00
6-July-2017,240.65,242.45,238.20,239.20,239.964134207481681450,33709,464,8088951.00,8511,25.25,4.25,-1.45
5-July-2017,241.50,243.90,238.55,240.55,241.554568997410284868,21624,369,5223376.00,7166,33.14,5.35,-0.95
4-July-2017,239.00,244.25,237.65,241.05,241.926509903998055656,32916,485,7963253.00,8096,24.60,6.60,2.05
3-July-2017,242.55,244.75,238.05,240.25,240.434600362008192816,52485,757,12619210.00,13191,25.13,6.70,-2.30
30-June-2017,245.55,246.10,241.35,242.35,243.245897796530707923,29862,439,7263809.00,6214,20.81,4.75,-3.20
29-June-2017,246.20,248.00,243.90,246.70,245.872795619082977538,21548,392,5298067.00,3770,17.50,4.10,0.50
28-June-2017,245.00,248.00,240.50,242.20,243.871150980006186552,35561,582,8672302.00,4476,12.59,7.50,-2.80
27-June-2017,248.00,251.05,243.20,245.65,247.232185693724155262,43771,737,10821600.00,3027,6.92,7.85,-2.35
23-June-2017,252.20,254.10,244.55,246.80,248.286868202175303902,62520,956,15522895.00,9658,15.45,9.55,-5.40
22-June-2017,259.00,260.60,250.15,251.70,255.125502637695060316,54214,1100,13831374.00,10767,19.86,10.45,-7.30
21-June-2017,257.00,259.85,255.35,257.95,257.648815246281739523,70732,1065,18224016.00,13926,19.69,4.50,0.95
20-June-2017,248.60,258.80,246.25,256.85,254.015980408434335048,96368,1539,24479012.00,20198,20.96,12.55,8.25
19-June-2017,251.00,253.25,247.35,248.65,250.722396911828616713,39117,667,9807508.00,6850,17.51,5.90,-2.35
16-June-2017,248.30,254.65,247.00,250.85,250.939567852755794518,99318,1240,24922816.00,10594,10.67,7.65,2.55
15-June-2017,240.10,251.15,237.40,248.80,244.448487476830949099,168328,1973,41147525.00,29365,17.45,13.75,8.70
14-June-2017,235.70,243.60,228.00,238.05,233.671525003665343126,497907,5018,116346688.00,26857,5.39,15.60,2.35
13-June-2017,240.85,245.00,236.55,240.65,240.330170729032965473,155041,2094,37261030.00,18777,12.11,8.45,-0.20
12-June-2017,238.00,245.60,236.80,239.25,240.113864795290954106,121978,1529,29288609.00,4164,3.41,8.80,1.25
9-June-2017,244.00,245.00,237.20,239.45,242.169216105635112516,86032,1343,20834302.00,14045,16.33,7.80,-4.55
8-June-2017,246.00,247.25,237.00,243.45,242.041973663583633798,178612,2128,43231601.00,14063,7.87,10.25,-2.55
7-June-2017,261.25,261.25,241.75,245.00,247.446623582067500337,392561,4277,97137894.00,42490,10.82,19.50,-16.25
6-June-2017,251.50,267.50,251.25,258.50,261.982927906452999827,341903,4241,89572749.00,37990,11.11,16.25,7.00
5-June-2017,243.75,256.00,242.50,252.45,250.838290113088233973,111329,1415,27925576.00,19319,17.35,13.50,8.70
2-June-2017,243.45,244.90,238.95,242.25,241.672730459165790396,57060,719,13789846.00,5749,10.08,5.95,-1.20
1-June-2017,238.00,243.35,234.35,241.50,239.690791250337564137,66654,859,15976350.00,9571,14.36,9.00,3.50
31-May-2017,234.70,237.00,231.30,234.75,234.590074732238178875,87111,950,20435376.00,12683,14.56,5.70,0.05
30-May-2017,243.90,243.90,228.15,236.35,235.721080173227472100,1152704,1940,271716632.00,1019932,88.48,15.75,-7.55
29-May-2017,251.75,251.85,245.20,247.80,248.621194402214165984,51306,709,12755759.00,3649,7.11,6.65,-3.95
26-May-2017,251.90,256.45,250.20,252.10,253.001617194428504355,38338,615,9699576.00,5103,13.31,6.25,0.20
25-May-2017,248.95,254.00,246.00,252.10,250.309246203904555314,36880,543,9231405.00,11202,30.37,8.00,3.15
24-May-2017,243.55,253.75,239.35,245.75,245.994120993741703015,79095,1164,19456905.00,4492,5.68,14.40,2.20
23-May-2017,253.90,254.75,241.10,245.55,247.388156966377175990,77953,1059,19284649.00,21001,26.94,13.65,-8.35
22-May-2017,253.00,259.50,251.10,254.70,255.090260043386330559,36417,663,9289622.00,7405,20.33,8.40,1.70
19-May-2017,256.00,256.95,250.15,252.75,252.734580365665614215,54476,783,13767969.00,15518,28.49,6.80,-3.25
18-May-2017,249.70,261.00,247.50,255.05,256.655169697160684460,126932,1840,32577754.00,30588,24.10,13.50,5.35
17-May-2017,255.25,256.55,250.35,251.15,252.700836268660292813,41733,522,10545964.00,14345,34.37,6.20,-4.10
16-May-2017,255.60,257.00,251.40,255.65,254.396757889546351084,48672,768,12381999.00,11174,22.96,5.60,0.05
15-May-2017,250.00,255.95,249.40,254.60,253.943986105080330004,50666,755,12866326.00,14520,28.66,6.55,4.60
12-May-2017,252.00,252.85,248.20,249.15,249.975772936506457444,53659,727,13413450.00,10741,20.02,4.65,-2.85
11-May-2017,247.60,256.00,247.30,251.20,253.295581692436456543,90804,1763,23000252.00,19848,21.86,8.70,3.60
10-May-2017,249.00,252.50,246.10,249.00,249.789076082775598122,64995,1072,16235041.00,17116,26.33,6.40,0.00
9-May-2017,250.15,252.00,246.80,249.55,249.592994808759472522,83795,1436,20914645.00,20985,25.04,5.20,-0.60
8-May-2017,238.00,250.75,237.60,249.80,246.697136871508379888,114560,1951,28261624.00,35841,31.29,13.15,11.80
5-May-2017,231.00,241.50,231.00,238.60,238.745098039215686274,101694,1540,24278944.00,27482,27.02,10.50,7.60
4-May-2017,235.00,240.30,235.00,237.95,237.864293547797477609,109420,1778,26027111.00,28500,26.05,5.30,2.95
3-May-2017,232.25,236.00,227.45,234.55,233.103990927256034994,92585,1298,21581933.00,25076,27.08,8.55,2.30
2-May-2017,231.00,235.50,226.10,227.20,230.784950106561657563,141702,2129,32702689.00,46279,32.66,9.40,-3.80
28-April-2017,231.00,233.50,227.60,230.15,230.707446193922460426,95203,1481,21964041.00,17510,18.39,5.90,-0.85
27-April-2017,223.00,231.70,219.85,230.05,228.092797890194198034,208550,2412,47568753.00,46341,22.22,11.85,7.05
26-April-2017,225.00,226.05,220.00,222.55,223.071456223384991945,80077,1222,17862893.00,16977,21.20,6.05,-2.45
25-April-2017,220.00,224.90,220.00,224.25,222.968004107043434876,138299,2392,30836252.00,36632,26.49,4.90,4.25
24-April-2017,215.40,225.00,209.90,219.10,218.563012247853196651,444731,7194,97201747.00,33662,7.57,15.10,3.70
21-April-2017,210.00,218.20,207.35,215.55,215.067742216289934132,172315,2409,37059398.00,32027,18.59,10.85,5.55
20-April-2017,208.00,208.80,204.45,206.95,206.809739368998628257,36450,559,7538215.00,5973,16.39,4.35,-1.05
19-April-2017,200.00,208.05,199.75,207.35,205.052733030428197714,94419,1269,19360874.00,21785,23.07,8.30,7.35
18-April-2017,206.05,206.85,200.10,201.10,203.403376237843106847,45139,883,9181425.00,15006,33.24,6.75,-4.95
17-April-2017,206.00,209.00,205.20,205.90,206.580430936280569087,41259,647,8523302.00,12700,30.78,3.80,-0.10
13-April-2017,211.00,211.60,205.45,206.35,208.574244330462272976,30999,544,6465593.00,9220,29.74,6.15,-4.65
12-April-2017,211.20,212.90,208.40,210.10,210.590901753139831466,61946,853,13045264.00,19769,31.91,4.50,-1.10
11-April-2017,210.10,212.10,209.50,210.50,210.701603063070644170,47534,792,10015490.00,11131,23.42,2.60,0.40
10-April-2017,213.40,214.65,210.00,210.95,212.441762201113658696,30530,523,6485847.00,5151,16.87,4.65,-2.45
7-April-2017,208.40,213.30,208.40,212.00,211.707716483334711769,48364,912,10239032.00,11416,23.60,4.90,3.60
6-April-2017,219.95,219.95,210.50,211.00,212.434146006140873470,43642,993,9271051.00,14974,34.31,9.45,-8.95
5-April-2017,215.00,216.75,213.30,214.70,214.882922093140044862,29869,647,6418338.00,9968,33.37,3.45,-0.30
3-April-2017,216.55,217.30,213.85,214.70,215.252633338906537368,29905,545,6437130.00,8814,29.47,3.45,-1.85
